,orentation
105-Fg001-R-C01-R01-D03012012-T133200-LR445_ColorCal_both_110209.png,x
105-Fg002-R-C01-R01-D03012012-T134442-LR445_ColorCal_both_110209.png,x
105-Fg003-R-C01-R01-D03012012-T134921-LR445_ColorCal_both_110209.png,x
111-Fg003-R-C01-R01-D08112011-T145729-LR445_ColorCal_both_110209.png,
111-Fg005-R-C01-R01-D08112011-T152928-LR445_ColorCal_both_110209.png,x
111-Fg006-R-C01-R01-D08112011-T154317-LR445_ColorCal_both_110209.png,x
111-Fg007-R-C01-R01-D08112011-T154754-LR445_ColorCal_both_110209.png,x
115-Fg001-R-C02-R01-D06122011-T083613-LR445_ColorCal_both_110209.png,x
115-Fg003-R-C01-R01-D06122011-T090646-LR445_ColorCal_both_110209.png,c
115-Fg005-R-C01-R01-D06122011-T100335-LR445_ColorCal_both_110209.png,x
128-Fg001-R-C01-R01-D21112011-T144206-LR445_ColorCal_both_110209.png,x
128-Fg002-R-C01-R01-D21112011-T144722-LR445_ColorCal_both_110209.png,x
128-Fg003-R-C01-R01-D21112011-T150029-LR445_ColorCal_both_110209.png,x
131-Fg001-R-C01-R01-D24112011-T100800-LR445_ColorCal_both_110209.png,x
131-Fg002-R-C01-R01-D24112011-T102041-LR445_ColorCal_both_110209.png,x
169-1-Fg001-R-C01-R01-D09012012-T113415-LR445_ColorCal_both_110209.png,v
169-1-Fg002-R-C01-R01-D09012012-T115354-LR445_ColorCal_both_110209.png,x
169-1-Fg003-R-C01-R01-D09012012-T115941-LR445_ColorCal_both_110209.png,c
169-1-Fg004-R-C01-R01-D09012012-T121948-LR445_ColorCal_both_110209.png,x
235-Fg001-R-C01-R01-D27092011-T122034-LR445_ColorCal_both_110209.png,x
235-Fg002-R-C01-R01-D27092011-T111310-LR445_ColorCal_both_110209.png,x
235-Fg003-R-C01-R01-D27092011-T113020-LR445_ColorCal_both_110209.png,x
235-Fg006-R-C01-R01-D27092011-T115315-LR445_ColorCal_both_110209.png,x
288-Fg001-R-C01-R01-D22112011-T095604-LR445_ColorCal_both_110209.png,x
288-Fg002-R-C01-R01-D22112011-T100920-LR445_ColorCal_both_110209.png,x
288-Fg003-R-C01-R01-D22112011-T101348-LR445_ColorCal_both_110209.png,x
288-Fg004-R-C01-R01-D22112011-T102900-LR445_ColorCal_both_110209.png,x
357-1-Fg001-R-C01-R01-D22092011-T094050-LR445_ColorCalData_IAA_Both_CC110304_110702.png,x
389-Fg001-R-C01-R01-D14092011-T155506-LR445_ColorCalData_IAA_Both_CC110304_110702.png,v
389-Fg004-R-C01-R01-D14092011-T163324-LR445_ColorCalData_IAA_Both_CC110304_110702.png,x
389-Fg005-R-C01-R01-D14092011-T164031-LR445_ColorCalData_IAA_Both_CC110304_110702.png,x
389-Fg006-R-C01-R01-D14092011-T165400-LR445_ColorCalData_IAA_Both_CC110304_110702.png,x
389-Fg008-R-C01-R01-D15092011-T140620-LR445_ColorCalData_IAA_Both_CC110304_110702.png,x
389-Fg009-R-C01-R01-D15092011-T141118-LR445_ColorCalData_IAA_Both_CC110304_110702.png,x
389-Fg010-R-C01-R01-D15092011-T142437-LR445_ColorCalData_IAA_Both_CC110304_110702.png,x
389-Fg011-R-C01-R01-D15092011-T142947-LR445_ColorCalData_IAA_Both_CC110304_110702.png,x
391-Fg001-R-C01-R01-D06112011-T120441-LR445_ColorCal_both_110209.png,c
391-Fg002-R-C01-R01-D06112011-T121917-LR445_ColorCal_both_110209.png,c
391-Fg003-R-C01-R01-D06112011-T122954-LR445_ColorCal_both_110209.png,x
391-Fg004-R-C01-R01-D06112011-T124349-LR445_ColorCal_both_110209.png,x
391-Fg009-R-C01-R01-D06112011-T135239-LR445_ColorCal_both_110209.png,x
404-Fg001-R-C01-R01-D03102011-T151935-LR445_ColorCal_both_110209.png,v
407-Fg001-R-C03-R01-D13092011-T105724-LR445_ColorCalData_IAA_Both_CC110304_110702.png,x
407-Fg002-R-C03-R01-D13092011-T111347-LR445_ColorCalData_IAA_Both_CC110304_110702.png,x
407-Fg003-R-C01-R01-D13092011-T112010-LR445_ColorCalData_IAA_Both_CC110304_110702.png,v
407-Fg004-R-C01-R01-D13092011-T113502-LR445_ColorCalData_IAA_Both_CC110304_110702.png,x
409-Fg001-R-C01-R01-D02112011-T122534-LR445_ColorCal_both_110209.png,x
416-Fg026-R-C01-R01-D23012012-T142730-LR445_ColorCal_both_110209.png,x
416-Fg034-R-C01-R01-D25012012-T103156-LR445_ColorCal_both_110209.png,x
417-Fg055-R-C01-R01-D02022012-T152423-LR445_ColorCal_both_110209.png,x
431-Fg001-R-C01-R01-D19032012-T090326-LR445_ColorCal_both_110209.png,x
431-Fg003-R-C01-R01-D19032012-T093601-LR445_ColorCal_both_110209.png,x
606-Fg003-R-C01-R01-D22092011-T130642-LR445_ColorCalData_IAA_Both_CC110304_110702.png,x
694-Fg001-R-C01-R01-D07112011-T103359-LR445_ColorCal_both_110209.png,x
694-Fg002-R-C01-R01-D07112011-T104601-LR445_ColorCal_both_110209.png,x
694-Fg003-R-C01-R01-D07112011-T105030-LR445_ColorCal_both_110209.png,x
P1022-Fg002-R-C01-R01-D13102015-T095126-LR445 _PSC.png,
P1025-Fg001-R-C01-R01-D23052013-T104028-LR445_ColorCalData_IAA_Both_CC110304_110702.png,
P1032-Fg009-R-C01-R01-D11072013-T105710-LR445_ColorCalData_IAA_Both_CC110304_110702.png,
P1075-Fg007-R-C01-R01-D28072013-T124204-LR445_ColorCalData_IAA_Both_CC110304_110702.png,
P1075-Fg015-R-C01-R01-D28072013-T143436-LR445_ColorCalData_IAA_Both_CC110304_110702.png,
P1075-Fg018-R-C01-R01-D28072013-T150150-LR445_ColorCalData_IAA_Both_CC110304_110702.png,
P1075-Fg023-R-C01-R01-D28072013-T154702-LR445_ColorCalData_IAA_Both_CC110304_110702.png,
P1077-Fg001-R-C01-R01-D25072013-T103634-LR445_ColorCalData_IAA_Both_CC110304_110702.png,
P1077-Fg002-R-C01-R01-D25072013-T105419-LR445_ColorCalData_IAA_Both_CC110304_110702.png,
P1077-Fg004-R-C01-R01-D25072013-T115635-LR445_ColorCalData_IAA_Both_CC110304_110702.png,
P1077-Fg007-R-C01-R01-D25072013-T134250-LR445_ColorCalData_IAA_Both_CC110304_110702.png,
P1078-Fg001-R-C01-R01-D22072013-T144630-LR445_ColorCalData_IAA_Both_CC110304_110702.png,
P1078-Fg002-R-C01-R01-D22072013-T145537-LR445_ColorCalData_IAA_Both_CC110304_110702.png,
P1078-Fg003-R-C01-R01-D22072013-T151313-LR445_ColorCalData_IAA_Both_CC110304_110702.png,
P1078-Fg004-R-C01-R01-D22072013-T152114-LR445_ColorCalData_IAA_Both_CC110304_110702.png,
P1078-Fg006-R-C01-R01-D22072013-T153650-LR445_ColorCalData_IAA_Both_CC110304_110702.png,
P1078-Fg007-R-C01-R01-D22072013-T154459-LR445_ColorCalData_IAA_Both_CC110304_110702.png,
P1078-Fg008-R-C01-R01-D24072013-T090944-LR445_ColorCalData_IAA_Both_CC110304_110702.png,c
P1078-Fg009-R-C01-R01-D24072013-T092012-LR445_ColorCalData_IAA_Both_CC110304_110702.png,
P1078-Fg010-R-C01-R01-D24072013-T092848-LR445_ColorCalData_IAA_Both_CC110304_110702.png,
P1078-Fg011-R-C01-R01-D24072013-T093702-LR445_ColorCalData_IAA_Both_CC110304_110702.png,
P1078-Fg013-R-C01-R01-D24072013-T095256-LR445_ColorCalData_IAA_Both_CC110304_110702.png,
P1079-Fg001-R-C01-R01-D29072013-T123854-LR445_ColorCalData_IAA_Both_CC110304_110702.png,
P1079-Fg002-R-C01-R01-D29072013-T124706-LR445_ColorCalData_IAA_Both_CC110304_110702.png,c
P1079-Fg003-R-C01-R01-D29072013-T125547-LR445_ColorCalData_IAA_Both_CC110304_110702.png,
P1079-Fg004-R-C01-R01-D29072013-T130607-LR445_ColorCalData_IAA_Both_CC110304_110702.png,c
P1079-Fg005-R-C01-R01-D29072013-T131436-LR445_ColorCalData_IAA_Both_CC110304_110702.png,
P1089-Fg001-R-C01-R01-D10022013-T150100-LR445_ColorCalData_IAA_Both_CC110304_110702.png,
P1089-Fg002-R-C01-R01-D10022013-T150903-LR445_ColorCalData_IAA_Both_CC110304_110702.png,
P1089-Fg003-R-C01-R01-D10022013-T151702-LR445_ColorCalData_IAA_Both_CC110304_110702.png,
P1089-Fg004-R-C01-R01-D10022013-T152455-LR445_ColorCalData_IAA_Both_CC110304_110702.png,
P1089-Fg006-R-C01-R01-D10022013-T154242-LR445_ColorCalData_IAA_Both_CC110304_110702.png,
P1106-Fg067-R-C01-R01-D10112013-T124246-LR445_ColorCalData_IAA_Left_CC110304_110702.png,
P1109-Fg006-R-C01-R01-D30062013-T143455-LR445_ColorCalData_IAA_Both_CC110304_110702.png,
P1109-Fg008-R-C01-R01-D30062013-T145256-LR445_ColorCalData_IAA_Both_CC110304_110702.png,
P1109-Fg009-R-C01-R01-D30062013-T150108-LR445_ColorCalData_IAA_Both_CC110304_110702.png,
P1109-Fg012-R-C01-R01-D30062013-T152654-LR445_ColorCalData_IAA_Both_CC110304_110702.png,
P1109-Fg016-R-C01-R01-D01072013-T084430-LR445_ColorCalData_IAA_Both_CC110304_110702.png,
P1109-Fg017-R-C01-R01-D01072013-T085304-LR445_ColorCalData_IAA_Both_CC110304_110702.png,
P1117-Fg010-R-C01-R01-D07082013-T150854-LR445_ColorCalData_IAA_Both_CC110304_110702.png,
P1122-Fg001-R-C02-R01-D21052013-T111620-LR445_ColorCalData_IAA_Both_CC110304_110702.png,x
P1122-Fg013-R-C01-R01-D21052013-T141201-LR445_ColorCalData_IAA_Both_CC110304_110702.png,x
P1123-Fg001-R-C01-R01-D21052013-T084421-LR445_ColorCalData_IAA_Both_CC110304_110702.png,
P1123-Fg003-R-C01-R01-D21052013-T091625-LR445_ColorCalData_IAA_Both_CC110304_110702.png,
P1124-Fg001-R-C01-R01-D28042013-T132859-LR445_ColorCalData_IAA_Both_CC110304_110702.png,
P1124-Fg002-R-C01-R01-D28042013-T133722-LR445_ColorCalData_IAA_Both_CC110304_110702.png,
P1124-Fg003-R-C01-R01-D28042013-T134521-LR445_ColorCalData_IAA_Both_CC110304_110702.png,
P1151-Fg001-R-C01-R01-D05122013-T105526-LR445_ColorCalData_IAA_Left_CC110304_110702.png,
P1151-Fg011-R-C01-R01-D05122013-T124914-LR445_ColorCalData_IAA_Left_CC110304_110702.png,
P1153-Fg001-R-C01-R01-D09052013-T095844-LR445_ColorCalData_IAA_Both_CC110304_110702.png,c
P1153-Fg004-R-C01-R01-D09052013-T102425-LR445_ColorCalData_IAA_Both_CC110304_110702.png,
P116-1-Fg002-R-C01-R01-D11022016-T135058-LR445 _PSC.png,
P116-Fg001-R-C01-R01-D22052012-T114141-LR445_ColorCal_both_110209.png,x
P116-Fg006-R-C01-R01-D22052012-T123334-LR445_ColorCal_both_110209.png,x
P116-Fg011-R-C01-R01-D22052012-T141434-LR445_ColorCal_both_110209.png,
P121A-Fg001-R-C01-R01-D14082013-T143751-LR445_ColorCalData_IAA_Both_CC110304_110702.png,
P121A-Fg002-R-C01-R01-D14082013-T144954-LR445_ColorCalData_IAA_Both_CC110304_110702.png,
P121A-Fg003-R-C01-R01-D14082013-T145821-LR445_ColorCalData_IAA_Both_CC110304_110702.png,
P121A-Fg004-R-C01-R01-D14082013-T150658-LR445_ColorCalData_IAA_Both_CC110304_110702.png,
P121A-Fg005-R-C01-R01-D14082013-T151622-LR445_ColorCalData_IAA_Both_CC110304_110702.png,
P121A-Fg006-R-C01-R01-D14082013-T152437-LR445_ColorCalData_IAA_Both_CC110304_110702.png,
P121A-Fg007-R-C01-R01-D14082013-T153245-LR445_ColorCalData_IAA_Both_CC110304_110702.png,
P121A-Fg008-R-C01-R01-D14082013-T154114-LR445_ColorCalData_IAA_Both_CC110304_110702.png,v
P121A-Fg009-R-C01-R01-D15082013-T091555-LR445_ColorCalData_IAA_Both_CC110304_110702.png,
P121A-Fg010-R-C01-R01-D15082013-T092516-LR445_ColorCalData_IAA_Both_CC110304_110702.png,
P122A-Fg003-R-C01-R01-D26112013-T152229-LR445_ColorCalData_IAA_Left_CC110304_110702.png,
P122B-Fg003-R-C01-R01-D30082012-T145019-LR445_ColorCalData_IAA_Both_CC110304_110702.png,x
P13-Fg012-R-C01-R01-D14012015-T140904-ML445 _PSC.png,
P13-Fg016-R-C01-R01-D14012015-T144848-ML445 _PSC.png,
P148-Fg001-R-C01-R01-D19072012-T104908-LR445_ColorCalData_IAA_Both_CC110304_110702.png,c
P148-Fg004-R-C01-R01-D19072012-T111529-LR445_ColorCalData_IAA_Both_CC110304_110702.png,c
P153-Fg001-R-C01-R01-D28112013-T135516-LR445_ColorCalData_IAA_Left_CC110304_110702.png,
P153-Fg002-R-C01-R01-D28112013-T140330-LR445_ColorCalData_IAA_Left_CC110304_110702.png,
P153-Fg003-R-C01-R01-D28112013-T141157-LR445_ColorCalData_IAA_Left_CC110304_110702.png,
P153-Fg004-R-C01-R01-D28112013-T142126-LR445_ColorCalData_IAA_Left_CC110304_110702.png,
P153-Fg005-R-C01-R01-D28112013-T143156-LR445_ColorCalData_IAA_Left_CC110304_110702.png,
P157A-Fg001-R-C01-R01-D18082013-T092747-LR445_ColorCalData_IAA_Both_CC110304_110702.png,c
P157A-Fg002-R-C01-R01-D18082013-T093740-LR445_ColorCalData_IAA_Both_CC110304_110702.png,c
P157A-Fg003-R-C01-R01-D18082013-T094625-LR445_ColorCalData_IAA_Both_CC110304_110702.png,
P157A-Fg004-R-C01-R01-D18082013-T095658-LR445_ColorCalData_IAA_Both_CC110304_110702.png,
P157A-Fg005-R-C01-R01-D18082013-T100451-LR445_ColorCalData_IAA_Both_CC110304_110702.png,
P157A-Fg006-R-C01-R01-D18082013-T101305-LR445_ColorCalData_IAA_Both_CC110304_110702.png,
P157A-Fg007-R-C01-R01-D18082013-T102115-LR445_ColorCalData_IAA_Both_CC110304_110702.png,
P157A-Fg008-R-C01-R01-D18082013-T102921-LR445_ColorCalData_IAA_Both_CC110304_110702.png,
P157A-Fg009-R-C01-R01-D18082013-T103732-LR445_ColorCalData_IAA_Both_CC110304_110702.png,
P157A-Fg010-R-C01-R01-D18082013-T104601-LR445_ColorCalData_IAA_Both_CC110304_110702.png,
P157A-Fg011-R-C01-R01-D18082013-T130544-LR445_ColorCalData_IAA_Both_CC110304_110702.png,
P176-Fg001-R-C01-R01-D04042013-T104836-LR445_ColorCalData_IAA_Both_CC110304_110702.png,
P176-Fg002-R-C01-R01-D04042013-T105932-LR445_ColorCalData_IAA_Both_CC110304_110702.png,v
P176-Fg004-R-C01-R01-D04042013-T112003-LR445_ColorCalData_IAA_Both_CC110304_110702.png,
P176-Fg008-R-C01-R01-D04042013-T115751-LR445_ColorCalData_IAA_Both_CC110304_110702.png,
P176-Fg009-R-C01-R01-D04042013-T120650-LR445_ColorCalData_IAA_Both_CC110304_110702.png,
P176-Fg010-R-C01-R01-D04042013-T121514-LR445_ColorCalData_IAA_Both_CC110304_110702.png,
P176-Fg011-R-C01-R01-D04042013-T123752-LR445_ColorCalData_IAA_Both_CC110304_110702.png,
P176-Fg012-R-C01-R01-D04042013-T124627-LR445_ColorCalData_IAA_Both_CC110304_110702.png,
P186-Fg013-R-C01-R01-D13062012-T094532-LR445_ColorCalData_IAA_Both_CC110304_110702.png,x
P186-Fg015-R-C01-R01-D13062012-T100423-LR445_ColorCalData_IAA_Both_CC110304_110702.png,x
P194-Fg002-R-C01-R01-D01122013-T105016-LR445_ColorCalData_IAA_Left_CC110304_110702.png,
P194-Fg005-R-C01-R01-D01122013-T112031-LR445_ColorCalData_IAA_Left_CC110304_110702.png,
P194-Fg006-R-C01-R01-D01122013-T112840-LR445_ColorCalData_IAA_Left_CC110304_110702.png,
P219-Fg001-R-C01-R01-D05062014-T092222-LR445_PSC.png,v
P219-Fg003-R-C01-R01-D05062014-T094403-LR445_PSC.png,
P219-Fg004-R-C01-R01-D05062014-T125016-LR445_PSC.png,
P219-Fg008-R-C01-R01-D05062014-T133613-LR445_PSC.png,
P219-Fg011-R-C01-R01-D05062014-T141541-LR445_PSC.png,
P219-Fg012-R-C01-R01-D05062014-T142420-LR445_PSC.png,
P219-Fg014-R-C01-R01-D05062014-T144344-LR445_PSC.png,
P222-Fg001-R-C01-R01-D11032013-T105549-LR445_ColorCalData_IAA_Both_CC110304_110702.png,
P222-Fg002-R-C01-R01-D11032013-T110623-LR445_ColorCalData_IAA_Both_CC110304_110702.png,c
P222-Fg004-R-C01-R01-D11032013-T112321-LR445_ColorCalData_IAA_Both_CC110304_110702.png,
P222-Fg005-R-C01-R01-D11032013-T113129-LR445_ColorCalData_IAA_Both_CC110304_110702.png,
P222-Fg006-R-C01-R01-D11032013-T113927-LR445_ColorCalData_IAA_Both_CC110304_110702.png,
P222-Fg007-R-C01-R01-D11032013-T115200-LR445_ColorCalData_IAA_Both_CC110304_110702.png,
P226-1-Fg001-R-C01-R01-D11022016-T145127-LR445 _PSC.png,
P226-Fg001-R-C01-R01-D11032013-T141228-LR445_ColorCalData_IAA_Both_CC110304_110702.png,c
P231-Fg001-R-C01-R01-D09042013-T125541-LR445_ColorCalData_IAA_Both_CC110304_110702.png,c
P231-Fg005-R-C01-R01-D09042013-T133340-LR445_ColorCalData_IAA_Both_CC110304_110702.png,
P239-Fg008-R-C01-R01-D29052014-T102527-LR445_PSC.png,
P264-Fg001-R-C01-R01-D18032014-T092951-LR445_PSC.png,
P264-Fg002-R-C01-R01-D18032014-T094109-LR445_PSC.png,
P264-Fg003-R-C01-R01-D18032014-T095224-LR445_PSC.png,
P264-Fg004-R-C01-R01-D18032014-T100259-LR445_PSC.png,
P264-Fg005-R-C01-R01-D18032014-T101137-LR445_PSC.png,
P264-Fg007-R-C01-R01-D18032014-T103208-LR445_PSC.png,
P264-Fg008-R-C01-R01-D18032014-T104124-LR445_PSC.png,
P264-Fg009-R-C01-R01-D18032014-T105052-LR445_PSC.png,
P264-Fg010-R-C01-R01-D18032014-T110111-LR445_PSC.png,
P264-Fg011-R-C01-R01-D18032014-T111050-LR445_PSC.png,
P264-Fg012-R-C01-R01-D18032014-T112010-LR445_PSC.png,
P264-Fg013-R-C01-R01-D18032014-T112941-LR445_PSC.png,
P264-Fg015-R-C01-R01-D18032014-T133156-LR445_PSC.png,
P264-Fg016-R-C01-R01-D18032014-T114003-LR445_PSC.png,
P264-Fg018-R-C01-R01-D18032014-T120032-LR445_PSC.png,
P264-Fg019-R-C01-R01-D18032014-T120936-LR445_PSC.png,
P264-Fg020-R-C01-R01-D18032014-T123316-LR445_PSC.png,
P264-Fg021-R-C01-R01-D18032014-T124207-LR445_PSC.png,
P265-Fg024-R-C01-R01-D14052014-T132303-LR445_PSC.png,
P265-Fg037-R-C01-R01-D15052014-T114029-LR445_PSC.png,
P268-Fg001-R-C01-R01-D24032013-T122244-LR445_ColorCalData_IAA_Both_CC110304_110702.png,c
P268-Fg002-R-C01-R01-D24032013-T123147-LR445_ColorCalData_IAA_Both_CC110304_110702.png,
P268-Fg003-R-C01-R01-D24032013-T124401-LR445_ColorCalData_IAA_Both_CC110304_110702.png,
P268-Fg005-R-C01-R01-D24032013-T130612-LR445_ColorCalData_IAA_Both_CC110304_110702.png,c
P268-Fg010-R-C01-R01-D24032013-T135501-LR445_ColorCalData_IAA_Both_CC110304_110702.png,
P268-Fg013-R-C01-R01-D24032013-T141909-LR445_ColorCalData_IAA_Both_CC110304_110702.png,
P268-Fg014-R-C01-R01-D24032013-T142818-LR445_ColorCalData_IAA_Both_CC110304_110702.png,
P273-Fg002-R-C01-R01-D10112014-T155143-ML445 _PSC.png,
P273-Fg003-R-C01-R01-D11112014-T091547-ML445 _PSC.png,
P300-Fg003-R-C01-R01-D14112012-T101439-LR445 _ColorCalData_IAA_Both_CC110304_110702.png,
P300-Fg004-R-C01-R01-D14112012-T103108-LR445 _ColorCalData_IAA_Both_CC110304_110702.png,
P300-Fg005-R-C01-R01-D14112012-T104916-LR445 _ColorCalData_IAA_Both_CC110304_110702.png,v
P300-Fg007-R-C01-R01-D14112012-T110649-LR445 _ColorCalData_IAA_Both_CC110304_110702.png,
P301-Fg001-R-C01-R01-D07052014-T135526-LR445_PSC.png,
P301-Fg003-R-C01-R01-D07052014-T141333-LR445_PSC.png,v
P301-Fg005-R-C01-R01-D07052014-T143018-LR445_PSC.png,
P301-Fg006-R-C01-R01-D07052014-T144613-LR445_PSC.png,
P301-Fg007-R-C01-R01-D07052014-T145408-LR445_PSC.png,
P301-Fg008-R-C01-R01-D07052014-T150254-LR445_PSC.png,
P301-Fg009-R-C01-R01-D07052014-T151049-LR445_PSC.png,v
P301-Fg010-R-C01-R01-D07052014-T152213-LR445_PSC.png,
P301-Fg011-R-C01-R01-D07052014-T153113-LR445_PSC.png,
P301-Fg012-R-C01-R01-D07052014-T153908-LR445_PSC.png,
P301-Fg013-R-C01-R01-D07052014-T154649-LR445_PSC.png,
P302-Fg002-R-C01-R01-D03032015-T105327-ML445 _PSC.png,c
P302-Fg006-R-C01-R01-D03032015-T112841-ML445 _PSC.png,
P304-Fg003-R-C01-R01-D29082013-T110642-LR445_ColorCalData_IAA_Both_CC110304_110702.png,v
P304-Fg012-R-C01-R01-D29082013-T130719-LR445_ColorCalData_IAA_Both_CC110304_110702.png,
P304-Fg014-R-C01-R01-D29082013-T132537-LR445_ColorCalData_IAA_Both_CC110304_110702.png,
P31-Fg039-R-C01-R01-D08022017-T090059-LR445 _PSC.png,
P310-Fg001-R-C01-R01-D18112012-T141347-LR445 _ColorCalData_IAA_Both_CC110304_110702.png,
P310-Fg002-R-C01-R01-D18112012-T142305-LR445 _ColorCalData_IAA_Both_CC110304_110702.png,
P310-Fg003-R-C01-R01-D18112012-T143133-LR445 _ColorCalData_IAA_Both_CC110304_110702.png,
P310-Fg004-R-C01-R01-D18112012-T144052-LR445 _ColorCalData_IAA_Both_CC110304_110702.png,
P310-Fg006-R-C01-R01-D18112012-T145750-LR445 _ColorCalData_IAA_Both_CC110304_110702.png,
P310-Fg008-R-C01-R01-D18112012-T151344-LR445 _ColorCalData_IAA_Both_CC110304_110702.png,
P310-Fg009-R-C01-R01-D18112012-T152143-LR445 _ColorCalData_IAA_Both_CC110304_110702.png,c
P310-Fg010-R-C01-R01-D18112012-T153057-LR445 _ColorCalData_IAA_Both_CC110304_110702.png,
P310-Fg011-R-C01-R01-D18112012-T153843-LR445 _ColorCalData_IAA_Both_CC110304_110702.png,
P310-Fg012-R-C01-R01-D18112012-T154659-LR445 _ColorCalData_IAA_Both_CC110304_110702.png,
P315-Fg003-R-C01-R01-D18032013-T081414-LR445_ColorCalData_IAA_Both_CC110304_110702.png,
P315-Fg004-R-C01-R01-D18032013-T082249-LR445_ColorCalData_IAA_Both_CC110304_110702.png,
P315-Fg008-R-C01-R01-D18032013-T090344-LR445_ColorCalData_IAA_Both_CC110304_110702.png,
P315-Fg012-R-C01-R01-D18032013-T094052-LR445_ColorCalData_IAA_Both_CC110304_110702.png,
P315-Fg015-R-C01-R01-D18032013-T110149-LR445_ColorCalData_IAA_Both_CC110304_110702.png,
P315-Fg016-R-C01-R01-D18032013-T111301-LR445_ColorCalData_IAA_Both_CC110304_110702.png,
P315-Fg026-R-C01-R01-D18032013-T154125-LR445_ColorCalData_IAA_Both_CC110304_110702.png,
P316-Fg001-R-C01-R01-D17102012-T133946-LR445 _ColorCalData_IAA_Both_CC110304_110702.png,
P316-Fg002-R-C01-R01-D17102012-T134737-LR445 _ColorCalData_IAA_Both_CC110304_110702.png,
P316-Fg004-R-C01-R01-D17102012-T142006-LR445 _ColorCalData_IAA_Both_CC110304_110702.png,
P316-Fg009-R-C01-R01-D17102012-T150318-LR445 _ColorCalData_IAA_Both_CC110304_110702.png,
P33-Fg042-R-C01-R01-D02062015-T112727-LR445 _PSC.png,
P337-Fg001-R-C01-R01-D03092012-T105827-LR445_ColorCalData_IAA_Both_CC110304_110702.png,x
P337-Fg002-R-C01-R01-D03092012-T111049-LR445_ColorCalData_IAA_Both_CC110304_110702.png,x
P337-Fg003-R-C01-R01-D03092012-T112840-LR445_ColorCalData_IAA_Both_CC110304_110702.png,c
P337-Fg005-R-C01-R01-D03092012-T122756-LR445_ColorCalData_IAA_Both_CC110304_110702.png,x
P337-Fg006-R-C01-R01-D03092012-T123659-LR445_ColorCalData_IAA_Both_CC110304_110702.png,x
P337-Fg007-R-C01-R01-D03092012-T124523-LR445_ColorCalData_IAA_Both_CC110304_110702.png,x
P337-Fg008-R-C01-R01-D03092012-T125414-LR445_ColorCalData_IAA_Both_CC110304_110702.png,x
P337-Fg010-R-C01-R01-D03092012-T131239-LR445_ColorCalData_IAA_Both_CC110304_110702.png,x
P337-Fg015-R-C01-R01-D03092012-T135347-LR445_ColorCalData_IAA_Both_CC110304_110702.png,
P337-Fg016-R-C01-R01-D03092012-T140205-LR445_ColorCalData_IAA_Both_CC110304_110702.png,x
P337-Fg018-R-C01-R01-D03092012-T142153-LR445_ColorCalData_IAA_Both_CC110304_110702.png,x
P337-Fg019-R-C01-R01-D03092012-T143901-LR445_ColorCalData_IAA_Both_CC110304_110702.png,x
P337-Fg020-R-C01-R01-D03092012-T145035-LR445_ColorCalData_IAA_Both_CC110304_110702.png,x
P337-Fg022-R-C01-R01-D03092012-T150636-LR445_ColorCalData_IAA_Both_CC110304_110702.png,x
P337-Fg023-R-C01-R01-D03092012-T151521-LR445_ColorCalData_IAA_Both_CC110304_110702.png,x
P345-Fg001-R-C01-R01-D03032013-T100245-LR445_ColorCalData_IAA_Both_CC110304_110702.png,c
P345-Fg002-R-C01-R01-D03032013-T095431-LR445_ColorCalData_IAA_Both_CC110304_110702.png,
P345-Fg003-R-C01-R01-D03032013-T101015-LR445_ColorCalData_IAA_Both_CC110304_110702.png,
P345-Fg004-R-C01-R01-D03032013-T101812-LR445_ColorCalData_IAA_Both_CC110304_110702.png,
P345-Fg006-R-C01-R01-D03032013-T103407-LR445_ColorCalData_IAA_Both_CC110304_110702.png,
P345-Fg007-R-C01-R01-D03032013-T104612-LR445_ColorCalData_IAA_Both_CC110304_110702.png,
P345-Fg008-R-C01-R01-D03032013-T105408-LR445_ColorCalData_IAA_Both_CC110304_110702.png,
P345-Fg010-R-C01-R01-D03032013-T111017-LR445_ColorCalData_IAA_Both_CC110304_110702.png,
P357-Fg001-R-C01-R01-D02102013-T125456-LR445_ColorCalData_IAA_Both_CC110304_110702.png,
P357-Fg002-R-C01-R01-D02102013-T130336-LR445_ColorCalData_IAA_Both_CC110304_110702.png,c
P357-Fg005-R-C01-R01-D02102013-T133736-LR445_ColorCalData_IAA_Both_CC110304_110702.png,
P362-Fg001-R-C01-R01-D26052014-T144640-LR445_PSC.png,
P362-Fg004-R-C01-R01-D27052014-T105702-LR445_PSC.png,c
P371-Fg002-R-C01-R01-D16072012-T155355-LR445_ColorCalData_IAA_Both_CC110304_110702.png,x
P371-Fg003-R-C01-R01-D17072012-T094604-LR445_ColorCalData_IAA_Both_CC110304_110702.png,x
P371-Fg005-R-C01-R01-D17072012-T101058-LR445_ColorCalData_IAA_Both_CC110304_110702.png,x
P371-Fg006-R-C01-R01-D17072012-T101945-LR445_ColorCalData_IAA_Both_CC110304_110702.png,x
P390-Fg005-R-C01-R01-D26012014-T122240-LR445_ColorCalData_IAA_Both_CC110304_110702.png,
P390-Fg006-R-C01-R01-D26012014-T123046-LR445_ColorCalData_IAA_Both_CC110304_110702.png,
P397-Fg001-R-C01-R01-D08082012-T102009-LR445_ColorCalData_IAA_Both_CC110304_110702.png,x
P397-Fg002-R-C01-R01-D08082012-T103312-LR445_ColorCalData_IAA_Both_CC110304_110702.png,x
P397-Fg003-R-C01-R01-D08082012-T104858-LR445_ColorCalData_IAA_Both_CC110304_110702.png,x
P397-Fg007-R-C01-R01-D08082012-T113006-LR445_ColorCalData_IAA_Both_CC110304_110702.png,x
P397-Fg008-R-C01-R01-D08082012-T114125-LR445_ColorCalData_IAA_Both_CC110304_110702.png,x
P397-Fg009-R-C01-R01-D08082012-T120411-LR445_ColorCalData_IAA_Both_CC110304_110702.png,x
P403-Fg002-R-C01-R01-D04112014-T165927-ML445 _PSC.png,
P403-Fg003-R-C01-R01-D04112014-T161202-ML445 _PSC.png,
P408-Fg001-R-C01-R01-D08082012-T152429-LR445_ColorCalData_IAA_Both_CC110304_110702.png,x
P408-Fg003-R-C01-R01-D08082012-T154223-LR445_ColorCalData_IAA_Both_CC110304_110702.png,x
P408-Fg004-R-C01-R01-D08082012-T155030-LR445_ColorCalData_IAA_Both_CC110304_110702.png,x
P408-Fg005-R-C01-R01-D08082012-T160033-LR445_ColorCalData_IAA_Both_CC110304_110702.png,x
P408-Fg009-R-C01-R01-D09082012-T092506-LR445_ColorCalData_IAA_Both_CC110304_110702.png,x
P408-Fg013-R-C01-R01-D09082012-T095947-LR445_ColorCalData_IAA_Both_CC110304_110702.png,x
P408-Fg018-R-C01-R01-D09082012-T105918-LR445_ColorCalData_IAA_Both_CC110304_110702.png,x
P411-Fg001-R-C01-R01-D11072012-T143548-LR445_ColorCalData_IAA_Both_CC110304_110702.png,c
P411-Fg002-R-C01-R01-D11072012-T144455-LR445_ColorCalData_IAA_Both_CC110304_110702.png,c
P415-Fg006-R-C01-R01-D12112013-T105951-LR445_ColorCalData_IAA_Left_CC110304_110702.png,
P415-Fg011-R-C01-R01-D12112013-T121446-LR445_ColorCalData_IAA_Left_CC110304_110702.png,
P415-Fg023-R-C01-R01-D12112013-T141809-LR445_ColorCalData_IAA_Left_CC110304_110702.png,
P433-Fg001-R-C01-R01-D07032013-T141142-LR445_ColorCalData_IAA_Both_CC110304_110702.png,
P433-Fg004-R-C01-R01-D07032013-T144459-LR445_ColorCalData_IAA_Both_CC110304_110702.png,
P433-Fg007-R-C01-R01-D07032013-T151911-LR445_ColorCalData_IAA_Both_CC110304_110702.png,
P433-Fg009-R-C01-R01-D07032013-T153738-LR445_ColorCalData_IAA_Both_CC110304_110702.png,
P433-Fg012-R-C01-R01-D10032013-T092628-LR445_ColorCalData_IAA_Both_CC110304_110702.png,
P433-Fg013-R-C01-R01-D10032013-T093422-LR445_ColorCalData_IAA_Both_CC110304_110702.png,
P438-Fg001-R-C01-R01-D20092015-T135344-LR445 _PSC.png,
P438-Fg002-R-C01-R01-D21092015-T090501-LR445 _PSC.png,
P438-Fg003-R-C01-R01-D20092015-T141256-LR445 _PSC.png,
P438-Fg004-R-C01-R01-D20092015-T142051-LR445 _PSC.png,c
P438-Fg005-R-C01-R01-D20092015-T142957-LR445 _PSC.png,
P438-Fg006-R-C01-R01-D21092015-T092450-LR445 _PSC.png,
P447-Fg001-R-C01-R01-D08052012-T150827-LR445_ColorCal_both_110209.png,c
P447-Fg002-R-C01-R01-D08052012-T151708-LR445_ColorCal_both_110209.png,x
P502-Fg061-R-C01-R01-D04052014-T125637-LR445_PSC.png,
P502-Fg062-R-C01-R01-D04052014-T130739-LR445_PSC.png,
P505-Fg002-R-C01-R01-D10122012-T102913-LR445 _ColorCalData_IAA_Both_CC110304_110702.png,
P514-Fg001-R-C01-R01-D25062014-T084141-LR445_PSC.png,
P514-Fg002-R-C01-R01-D25062014-T085139-LR445_PSC.png,
P514-Fg003-R-C01-R01-D25062014-T125710-LR445_PSC.png,
P514-Fg008-R-C01-R01-D25062014-T134101-LR445_PSC.png,
P514-Fg017-R-C01-R01-D25062014-T151049-LR445_PSC.png,
P514-Fg025-R-C01-R01-D26062014-T092922-LR445_PSC.png,
P514-Fg026-R-C01-R01-D26062014-T093909-LR445_PSC.png,
P514-Fg029-R-C01-R01-D26062014-T101101-LR445_PSC.png,
P514-Fg033-R-C01-R01-D26062014-T105038-LR445_PSC.png,
P514-Fg036-R-C01-R01-D26062014-T111451-LR445_PSC.png,
P514-Fg041-R-C01-R01-D26062014-T115900-LR445_PSC.png,
P515-Fg001-R-C01-R01-D13122012-T112144-LR445 _ColorCalData_IAA_Both_CC110304_110702.png,
P515-Fg003-R-C01-R01-D13122012-T113943-LR445 _ColorCalData_IAA_Both_CC110304_110702.png,
P515-Fg007-R-C01-R01-D13122012-T121532-LR445 _ColorCalData_IAA_Both_CC110304_110702.png,
P515-Fg008-R-C01-R01-D13122012-T125252-LR445 _ColorCalData_IAA_Both_CC110304_110702.png,
P515-Fg009-R-C01-R01-D13122012-T130220-LR445 _ColorCalData_IAA_Both_CC110304_110702.png,v
P515-Fg010-R-C01-R01-D13122012-T131053-LR445 _ColorCalData_IAA_Both_CC110304_110702.png,
P515-Fg011-R-C01-R01-D13122012-T131936-LR445 _ColorCalData_IAA_Both_CC110304_110702.png,
P515-Fg012-R-C01-R01-D13122012-T132804-LR445 _ColorCalData_IAA_Both_CC110304_110702.png,
P521-Fg001-R-C01-R01-D27112013-T090729-LR445_ColorCalData_IAA_Left_CC110304_110702.png,
P521-Fg002-R-C01-R01-D27112013-T093245-LR445_ColorCalData_IAA_Left_CC110304_110702.png,
P521-Fg003-R-C01-R01-D27112013-T094156-LR445_ColorCalData_IAA_Left_CC110304_110702.png,
P521-Fg004-R-C01-R01-D27112013-T095021-LR445_ColorCalData_IAA_Left_CC110304_110702.png,
P521-Fg006-R-C01-R01-D27112013-T101939-LR445_ColorCalData_IAA_Left_CC110304_110702.png,
P521-Fg008-R-C01-R01-D27112013-T103733-LR445_ColorCalData_IAA_Left_CC110304_110702.png,
P525-Fg001-R-C01-R01-D04072013-T140258-LR445_ColorCalData_IAA_Both_CC110304_110702.png,
P525-Fg002-R-C01-R01-D04072013-T142024-LR445_ColorCalData_IAA_Both_CC110304_110702.png,v
P525-Fg003-R-C01-R01-D04072013-T142833-LR445_ColorCalData_IAA_Both_CC110304_110702.png,
P525-Fg004-R-C01-R01-D04072013-T143946-LR445_ColorCalData_IAA_Both_CC110304_110702.png,
P525-Fg006-R-C01-R01-D04072013-T150025-LR445_ColorCalData_IAA_Both_CC110304_110702.png,
P525-Fg007-R-C01-R01-D04072013-T150953-LR445_ColorCalData_IAA_Both_CC110304_110702.png,
P525-Fg008-R-C01-R01-D04072013-T151828-LR445_ColorCalData_IAA_Both_CC110304_110702.png,
P525-Fg009-R-C01-R01-D04072013-T152707-LR445_ColorCalData_IAA_Both_CC110304_110702.png,
P525-Fg010-R-C01-R01-D07072013-T085546-LR445_ColorCalData_IAA_Both_CC110304_110702.png,
P525-Fg012-R-C01-R01-D07072013-T091215-LR445_ColorCalData_IAA_Both_CC110304_110702.png,
P525-Fg015-R-C01-R01-D07072013-T093629-LR445_ColorCalData_IAA_Both_CC110304_110702.png,
P525-Fg017-R-C01-R01-D07072013-T095410-LR445_ColorCalData_IAA_Both_CC110304_110702.png,
P525-Fg018-R-C01-R01-D07072013-T100713-LR445_ColorCalData_IAA_Both_CC110304_110702.png,
P525-Fg019-R-C01-R01-D07072013-T101701-LR445_ColorCalData_IAA_Both_CC110304_110702.png,
P550-Fg006-R-C01-R01-D19022014-T134348-LR445_ColorCalData_IAA_Both_CC110304_110702.png,
P550-Fg007-R-C01-R01-D19022014-T135409-LR445_ColorCalData_IAA_Both_CC110304_110702.png,
P566-Fg002-R-C01-R01-D10042013-T094043-LR445_ColorCalData_IAA_Both_CC110304_110702.png,v
P566-Fg003-R-C01-R01-D10042013-T095201-LR445_ColorCalData_IAA_Both_CC110304_110702.png,v
P577-Fg001-R-C01-R01-D29052014-T132128-LR445_PSC.png,v
P577-Fg002-R-C01-R01-D29052014-T140524-LR445_PSC.png,
P577-Fg004-R-C01-R01-D29052014-T142152-LR445_PSC.png,
P577-Fg008-R-C01-R01-D29052014-T150617-LR445_PSC.png,
P577-Fg009-R-C01-R01-D29052014-T151437-LR445_PSC.png,
P577-Fg011-R-C01-R01-D29052014-T153125-LR445_PSC.png,
P580-Fg005-R-C01-R01-D09092012-T152744-LR445_ColorCalData_IAA_Both_CC110304_110702.png,c
P580-Fg006-R-C01-R01-D09092012-T153735-LR445_ColorCalData_IAA_Both_CC110304_110702.png,c
P580-Fg007-R-C01-R01-D10092012-T084536-LR445_ColorCalData_IAA_Both_CC110304_110702.png,x
P580-Fg009-R-C01-R01-D10092012-T092032-LR445_ColorCalData_IAA_Both_CC110304_110702.png,v
P580-Fg011-R-C01-R01-D10092012-T094029-LR445_ColorCalData_IAA_Both_CC110304_110702.png,x
P581A-Fg005-R-C01-R01-D29102013-T101743-LR445_ColorCalData_IAA_Left_CC110304_110702.png,
P587-Fg001-R-C01-R01-D15112012-T105714-LR445 _ColorCalData_IAA_Both_CC110304_110702.png,
P587-Fg003-R-C01-R01-D15112012-T111939-LR445 _ColorCalData_IAA_Both_CC110304_110702.png,
P587-Fg004-R-C01-R01-D15112012-T113113-LR445 _ColorCalData_IAA_Both_CC110304_110702.png,
P587-Fg005-R-C01-R01-D15112012-T122312-LR445 _ColorCalData_IAA_Both_CC110304_110702.png,
P587-Fg006-R-C01-R01-D15112012-T123338-LR445 _ColorCalData_IAA_Both_CC110304_110702.png,
P587-Fg007-R-C01-R01-D15112012-T124258-LR445 _ColorCalData_IAA_Both_CC110304_110702.png,
P587-Fg008-R-C01-R01-D15112012-T125403-LR445 _ColorCalData_IAA_Both_CC110304_110702.png,
P587-Fg010-R-C01-R01-D15112012-T131213-LR445 _ColorCalData_IAA_Both_CC110304_110702.png,
P587-Fg011-R-C01-R01-D15112012-T132137-LR445 _ColorCalData_IAA_Both_CC110304_110702.png,
P587-Fg012-R-C01-R01-D15112012-T133043-LR445 _ColorCalData_IAA_Both_CC110304_110702.png,
P600-1-Fg003-R-C01-R01-D02072015-T112904-LR445 _PSC.png,
P600-1-Fg005-R-C01-R01-D02072015-T114544-LR445 _PSC.png,
P600-Fg012-R-C01-R01-D28062016-T095341-LR445 _PSC.png,
P607-Fg001-R-C01-R01-D05122012-T085242-LR445 _ColorCalData_IAA_Both_CC110304_110702.png,c
P613-Fg006-R-C01-R01-D20112013-T094630-LR445_ColorCalData_IAA_Left_CC110304_110702.png,
P614-Fg005-R-C01-R01-D20012013-T100625-LR445 _ColorCalData_IAA_Both_CC110304_110702.png,
P614-Fg008-R-C01-R01-D20012013-T103949-LR445 _ColorCalData_IAA_Both_CC110304_110702.png,
P614B-Fg001-R-C01-R01-D20012013-T161706-LR445 _ColorCalData_IAA_Both_CC110304_110702.png,
P619-Fg001-R-C01-R01-D20012013-T142648-LR445 _ColorCalData_IAA_Both_CC110304_110702.png,
P619-Fg003-R-C01-R01-D20012013-T144534-LR445 _ColorCalData_IAA_Both_CC110304_110702.png,
P619-Fg005-R-C01-R01-D20012013-T150156-LR445 _ColorCalData_IAA_Both_CC110304_110702.png,
P619-Fg007-R-C01-R01-D20012013-T151815-LR445 _ColorCalData_IAA_Both_CC110304_110702.png,
P621B-Fg002-R-C01-R01-D24122012-T100806-LR445 _ColorCalData_IAA_Both_CC110304_110702.png,
P621B-Fg003-R-C01-R01-D24122012-T101610-LR445 _ColorCalData_IAA_Both_CC110304_110702.png,
P621B-Fg006-R-C01-R01-D24122012-T104216-LR445 _ColorCalData_IAA_Both_CC110304_110702.png,
P621B-Fg010-R-C01-R01-D24122012-T141933-LR445 _ColorCalData_IAA_Both_CC110304_110702.png,
P621B-Fg014-R-C01-R01-D24122012-T152744-LR445 _ColorCalData_IAA_Both_CC110304_110702.png,
P621B-Fg016-R-C01-R01-D26122012-T090716-LR445 _ColorCalData_IAA_Both_CC110304_110702.png,
P662-Fg001-R-C01-R01-D12092012-T143035-LR445_ColorCalData_IAA_Both_CC110304_110702.png,x
P662-Fg002-R-C01-R01-D12092012-T143911-LR445_ColorCalData_IAA_Both_CC110304_110702.png,c
P662-Fg003-R-C01-R01-D12092012-T144841-LR445_ColorCalData_IAA_Both_CC110304_110702.png,x
P662-Fg004-R-C01-R01-D12092012-T145638-LR445_ColorCalData_IAA_Both_CC110304_110702.png,x
P662-Fg005-R-C01-R01-D12092012-T150759-LR445_ColorCalData_IAA_Both_CC110304_110702.png,x
P662-Fg006-R-C01-R01-D12092012-T151729-LR445_ColorCalData_IAA_Both_CC110304_110702.png,x
P662-Fg007-R-C01-R01-D12092012-T152539-LR445_ColorCalData_IAA_Both_CC110304_110702.png,x
P662-Fg008-R-C01-R01-D12092012-T153726-LR445_ColorCalData_IAA_Both_CC110304_110702.png,
P662-Fg009-R-C01-R01-D12092012-T154534-LR445_ColorCalData_IAA_Both_CC110304_110702.png,
P662-Fg010-R-C01-R01-D13092012-T084958-LR445_ColorCalData_IAA_Both_CC110304_110702.png,x
P702-Fg001-R-C01-R01-D10092012-T150148-LR445_ColorCalData_IAA_Both_CC110304_110702.png,x
P702-Fg002-R-C01-R01-D10092012-T150948-LR445_ColorCalData_IAA_Both_CC110304_110702.png,x
P702-Fg003-R-C01-R01-D10092012-T152217-LR445_ColorCalData_IAA_Both_CC110304_110702.png,x
P702-Fg004-R-C01-R01-D10092012-T153149-LR445_ColorCalData_IAA_Both_CC110304_110702.png,x
P702-Fg006-R-C01-R01-D10092012-T154848-LR445_ColorCalData_IAA_Both_CC110304_110702.png,x
P702-Fg009-R-C01-R01-D12092012-T105859-LR445_ColorCalData_IAA_Both_CC110304_110702.png,x
P702-Fg010-R-C01-R01-D12092012-T110915-LR445_ColorCalData_IAA_Both_CC110304_110702.png,x
P711-Fg001-R-C01-R01-D18112012-T110105-LR445 _ColorCalData_IAA_Both_CC110304_110702.png,
P711-Fg002-R-C01-R01-D18112012-T111046-LR445 _ColorCalData_IAA_Both_CC110304_110702.png,
P711-Fg003-R-C01-R01-D18112012-T112138-LR445 _ColorCalData_IAA_Both_CC110304_110702.png,
P711-Fg004-R-C01-R01-D18112012-T113134-LR445 _ColorCalData_IAA_Both_CC110304_110702.png,
P711-Fg005-R-C01-R01-D18112012-T114017-LR445 _ColorCalData_IAA_Both_CC110304_110702.png,
P711-Fg006-R-C01-R01-D18112012-T114942-LR445 _ColorCalData_IAA_Both_CC110304_110702.png,
P711-Fg007-R-C01-R01-D18112012-T115929-LR445 _ColorCalData_IAA_Both_CC110304_110702.png,v
P711-Fg008-R-C01-R01-D18112012-T123507-LR445 _ColorCalData_IAA_Both_CC110304_110702.png,
P711-Fg009-R-C01-R01-D18112012-T124516-LR445 _ColorCalData_IAA_Both_CC110304_110702.png,
P711-Fg012-R-C01-R01-D18112012-T131109-LR445 _ColorCalData_IAA_Both_CC110304_110702.png,
P711-Fg013-R-C01-R01-D18112012-T132009-LR445 _ColorCalData_IAA_Both_CC110304_110702.png,
P738-Fg003-R-C01-R01-D23072015-T140641-LR445 _PSC.png,
P738-Fg021-R-C01-R01-D29072015-T125520-LR445 _PSC.png,
P739-Fg001-R-C01-R01-D05122012-T093811-LR445 _ColorCalData_IAA_Both_CC110304_110702.png,
P739-Fg004-R-C01-R01-D05122012-T100326-LR445 _ColorCalData_IAA_Both_CC110304_110702.png,
P739-Fg005-R-C01-R01-D05122012-T101405-LR445 _ColorCalData_IAA_Both_CC110304_110702.png,
P739-Fg006-R-C01-R01-D05122012-T102239-LR445 _ColorCalData_IAA_Both_CC110304_110702.png,
P739-Fg007-R-C01-R01-D05122012-T103321-LR445 _ColorCalData_IAA_Both_CC110304_110702.png,c
P739-Fg009-R-C01-R01-D05122012-T105034-LR445 _ColorCalData_IAA_Both_CC110304_110702.png,
P740-Fg001-R-C01-R01-D24012017-T105702-LR445 _PSC.png,
P740-Fg003-R-C01-R01-D24012017-T111942-LR445 _PSC.png,
P740-Fg006-R-C01-R01-D24012017-T114721-LR445 _PSC.png,
P740-Fg007-R-C01-R01-D24012017-T120558-LR445 _PSC.png,
P740-Fg008-R-C01-R01-D24012017-T121530-LR445 _PSC.png,
P740-Fg014-R-C01-R01-D24012017-T131613-LR445 _PSC.png,
P740-Fg019-R-C01-R01-D24012017-T142104-LR445 _PSC.png,
P740-Fg028-R-C01-R01-D25012017-T103104-LR445 _PSC.png,
P820-Fg001-R-C01-R01-D08012014-T125504-LR445_ColorCalData_IAA_Left_CC110304_110702.png,
P820-Fg002-R-C01-R01-D08012014-T130519-LR445_ColorCalData_IAA_Left_CC110304_110702.png,
P820-Fg003-R-C01-R01-D08012014-T131420-LR445_ColorCalData_IAA_Left_CC110304_110702.png,
P858-Fg002-R-C01-R01-D08052014-T104246-LR445_PSC.png,
P858-Fg003-R-C01-R01-D08052014-T105140-LR445_PSC.png,
P859-Fg001-R-C01-R01-D08052014-T091700-LR445_PSC.png,
P859-Fg002-R-C01-R01-D08052014-T092934-LR445_PSC.png,
P859-Fg003-R-C01-R01-D08052014-T093835-LR445_PSC.png,
P859-Fg004-R-C01-R01-D08052014-T094711-LR445_PSC.png,
P894-Fg008-R-C01-R01-D16082015-T105944-LR445 _PSC.png,
P894-Fg010-R-C01-R01-D16082015-T111552-LR445 _PSC.png,
P895-Fg027-R-C01-R01-D22072015-T123236-LR445 _PSC.png,
P980-1-Fg002-R-C01-R01-D11092013-T085909-LR445_ColorCalData_IAA_Both_CC110304_110702.png,x
P980-Fg001-R-C01-R01-D18072013-T131800-LR445_ColorCalData_IAA_Both_CC110304_110702.png,x
P980-Fg002-R-C01-R01-D18072013-T132735-LR445_ColorCalData_IAA_Both_CC110304_110702.png,x
PX220-Fg001-R-C01-R01-D12112014-T131415-ML445 _PSC.png,
PX220-Fg002-R-C01-R01-D12112014-T132355-ML445 _PSC.png,
